{
    "timestamp": "2025-05-05 18:34:00",
    "ground_truth": {
        "omega": 0.1,
        "d": 0.5,
        "phi": 0.2,
        "beta": 0.3
    },
    "model_params": {
        "omega": 1e-06,
        "d": 0.4247418588904142,
        "phi": 0.2557235538796268,
        "beta": 0.2561153912284738
    }
}
