{
    "timestamp": "2025-04-05 13:22:22",
    "ground_truth": {
        "omega": 0.4,
        "alpha": 0.3,
        "beta": 0.5
    },
    "model_params": {
        "omega": 0.42577776312828064,
        "alpha": 0.2925871014595032,
        "beta": 0.4868420362472534
    }
}
